file_name,prompt
0.png,An artwork by Van Gogh
1.png,An artwork by Van Gogh
10.png,An artwork by Van Gogh
11.png,An artwork by Van Gogh
12.png,An artwork by Van Gogh
13.png,An artwork by Van Gogh
14.png,An artwork by Van Gogh
15.png,An artwork by Van Gogh
16.png,An artwork by Van Gogh
17.png,An artwork by Van Gogh
18.png,An artwork by Van Gogh
19.png,An artwork by Van Gogh
2.png,An artwork by Van Gogh
20.png,An artwork by Van Gogh
21.png,An artwork by Van Gogh
22.png,An artwork by Van Gogh
23.png,An artwork by Van Gogh
24.png,An artwork by Van Gogh
25.png,An artwork by Van Gogh
26.png,An artwork by Van Gogh
27.png,An artwork by Van Gogh
28.png,An artwork by Van Gogh
29.png,An artwork by Van Gogh
3.png,An artwork by Van Gogh
30.png,An artwork by Van Gogh
31.png,An artwork by Van Gogh
32.png,An artwork by Van Gogh
33.png,An artwork by Van Gogh
34.png,An artwork by Van Gogh
35.png,An artwork by Van Gogh
36.png,An artwork by Van Gogh
37.png,An artwork by Van Gogh
38.png,An artwork by Van Gogh
39.png,An artwork by Van Gogh
4.png,An artwork by Van Gogh
40.png,An artwork by Van Gogh
41.png,An artwork by Van Gogh
42.png,An artwork by Van Gogh
43.png,An artwork by Van Gogh
44.png,An artwork by Van Gogh
45.png,An artwork by Van Gogh
46.png,An artwork by Van Gogh
47.png,An artwork by Van Gogh
48.png,An artwork by Van Gogh
49.png,An artwork by Van Gogh
5.png,An artwork by Van Gogh
50.png,An artwork by Van Gogh
51.png,An artwork by Van Gogh
52.png,An artwork by Van Gogh
53.png,An artwork by Van Gogh
54.png,An artwork by Van Gogh
55.png,An artwork by Van Gogh
56.png,An artwork by Van Gogh
57.png,An artwork by Van Gogh
58.png,An artwork by Van Gogh
59.png,An artwork by Van Gogh
6.png,An artwork by Van Gogh
60.png,An artwork by Van Gogh
61.png,An artwork by Van Gogh
62.png,An artwork by Van Gogh
63.png,An artwork by Van Gogh
64.png,An artwork by Van Gogh
65.png,An artwork by Van Gogh
66.png,An artwork by Van Gogh
67.png,An artwork by Van Gogh
68.png,An artwork by Van Gogh
69.png,An artwork by Van Gogh
7.png,An artwork by Van Gogh
70.png,An artwork by Van Gogh
71.png,An artwork by Van Gogh
72.png,An artwork by Van Gogh
73.png,An artwork by Van Gogh
74.png,An artwork by Van Gogh
75.png,An artwork by Van Gogh
76.png,An artwork by Van Gogh
77.png,An artwork by Van Gogh
78.png,An artwork by Van Gogh
79.png,An artwork by Van Gogh
8.png,An artwork by Van Gogh
80.png,An artwork by Van Gogh
81.png,An artwork by Van Gogh
82.png,An artwork by Van Gogh
83.png,An artwork by Van Gogh
84.png,An artwork by Van Gogh
85.png,An artwork by Van Gogh
86.png,An artwork by Van Gogh
87.png,An artwork by Van Gogh
88.png,An artwork by Van Gogh
89.png,An artwork by Van Gogh
9.png,An artwork by Van Gogh
90.png,An artwork by Van Gogh
91.png,An artwork by Van Gogh
92.png,An artwork by Van Gogh
93.png,An artwork by Van Gogh
94.png,An artwork by Van Gogh
95.png,An artwork by Van Gogh
96.png,An artwork by Van Gogh
97.png,An artwork by Van Gogh
98.png,An artwork by Van Gogh
99.png,An artwork by Van Gogh
